<?xml version="1.0" encoding="utf-8"?>
<extension type="component" version="2.5" method="upgrade">
	<name>COM_JOMBADGER</name>
	<author>Alain Bolli</author>
	<creationDate>8 january 2013</creationDate>
	<copyright>Copyright (C) 2012 Alain Bolli. All rights reserved.</copyright>
	<license>http://www.gnu.org/licenses/gpl-2.0.html GNU/GPL</license>
	<authorEmail>alain.bolli@gmail.com</authorEmail>
	<authorUrl>http://www.bolli.fr</authorUrl>
	<version>0.950</version>
	<description>COM_JOMBADGER_DESCRIPTION</description>
	<scriptfile>script.php</scriptfile>
	<update>
		<schemas>
			<schemapath type="mysql">sql/updates/mysql</schemapath>
		</schemas>
	</update>
	<install>
	<sql>
		<file driver="mysql" charset="utf8">sql/install.mysql.utf8.sql</file>
	</sql>
	</install>
	<uninstall>
	<sql>
		<file driver="mysql" charset="utf8">sql/uninstall.mysql.utf8.sql</file>
	</sql>
	</uninstall>
	<files folder="site">
		<folder>models</folder>
		<folder>views</folder>
		<folder>language</folder>
		<filename>controller.php</filename>
		<filename>jombadger.php</filename>
		<filename>openbadges.css</filename>
		<filename>helper.php</filename>
		<filename>channel.php</filename>
		<filename>index.html</filename>
	</files>
	<media destination="com_jombadger" folder="media">
		<filename>index.html</filename>
		<folder>images</folder>
	</media>
	<administration>
	  <menu link="option=com_jombadger" img="../media/com_jombadger/images/icon16.png">COM_JOMBADGER_MENU</menu>
	  <languages folder="admin">
		<language tag="en-GB">language/en-GB/en-GB.com_jombadger.sys.ini</language>
		<language tag="fr-FR">language/fr-FR/fr-FR.com_jombadger.sys.ini</language>
	  </languages>
	  <files folder="admin">
		<filename>config.xml</filename>
		<filename>access.xml</filename>
		<filename>controller.php</filename>
		<filename>jombadger.php</filename>
		<filename>index.html</filename>
		<filename>openbadges.css</filename>
		<filename>yes.png</filename>
		<filename>no.png</filename>
		<folder>models</folder>
		<folder>views</folder>
		<folder>tables</folder>
		<folder>controllers</folder>
		<folder>help</folder>
		<folder>sql</folder>
		<folder>language</folder>
		<folder>helpers</folder>
	  </files>
	</administration>
	<!-- UPDATESERVER DEFINITION -->
        <updateservers>
                <server type="extension" priority="1" name="JomBadger">http://www.bolli.fr/update/jombadger-update.xml</server>
        </updateservers>
</extension>